id,level_id,title,code,options,tag
006ea0c0-2819-4677-9fe4-cf9ea3dc4332,57f173c5-9d58-4baf-af61-f6c33e226985,typeof Special Values,console.log(typeof null); console.log(typeof undefined); console.log(typeof Symbol());,"[{""key"":""A"",""lines"":[""object"",""undefined"",""symbol""],""is_correct"":true},{""key"":""B"",""lines"":[""null"",""undefined"",""symbol""],""is_correct"":false},{""key"":""C"",""lines"":[""object"",""null"",""object""],""is_correct"":false}]",js_core_v8
01cb92b7-fc38-4f65-a588-53c2b4a31465,120a5dcb-a297-4209-904a-28a534fbf8fc,Event Loop Microtask,"Promise.resolve().then(() => console.log(""micro1"")); Promise.resolve().then(() => console.log(""micro2"")); console.log(""sync"");","[{""key"":""A"",""lines"":[""sync"",""micro1"",""micro2""],""is_correct"":true},{""key"":""B"",""lines"":[""micro1"",""micro2"",""sync""],""is_correct"":false},{""key"":""C"",""lines"":[""sync"",""micro2"",""micro1""],""is_correct"":false}]",js_core_v8
0204b43f-2d90-455a-9de4-dbbea8fbc483,6807e7e4-0000-45cd-9fc0-328c60d38c98,splice vs slice,"const arr = [1, 2, 3, 4, 5]; const sliced = arr.slice(1, 3); console.log(sliced); console.log(arr.length);","[{""key"":""A"",""lines"":[""[2, 3]"",""5""],""is_correct"":true},{""key"":""B"",""lines"":[""[2, 3]"",""3""],""is_correct"":false},{""key"":""C"",""lines"":[""[1, 2, 3]"",""5""],""is_correct"":false}]",js_core_v8
038d217d-f683-404b-80d0-692e0c902e3d,57f173c5-9d58-4baf-af61-f6c33e226985,typeof Primitives,"console.log(typeof 42); console.log(typeof ""hello""); console.log(typeof true);","[{""key"":""A"",""lines"":[""number"",""string"",""boolean""],""is_correct"":true},{""key"":""B"",""lines"":[""int"",""string"",""boolean""],""is_correct"":false},{""key"":""C"",""lines"":[""number"",""text"",""bool""],""is_correct"":false}]",js_core_v8
0420a7ef-6427-4116-97d7-defa34142a90,621a99fa-161b-48ff-8248-56d053cfa5cf,this in Constructor,"function Person(name) { this.name = name; } const p = new Person(""Eve""); console.log(p.name);","[{""key"":""A"",""lines"":[""Eve""],""is_correct"":true},{""key"":""B"",""lines"":[""undefined""],""is_correct"":false},{""key"":""C"",""lines"":[""Person""],""is_correct"":false}]",js_core_v8
0643e889-3c1f-43b2-b817-9b79c0acd784,65dbc9a2-57d7-40d5-a266-a7f045f9e808,let TDZ Error,"console.log(a);
let a = 10;","[{""key"":""A"",""lines"":[""undefined""],""is_correct"":false},{""key"":""B"",""lines"":[""ReferenceError: Cannot access 'a' before initialization""],""is_correct"":true},{""key"":""C"",""lines"":[""10""],""is_correct"":false}]",js_core_v8
07803cb4-df6a-4ae1-bec6-90fa0b5fbb30,e828bcad-8531-45fe-8f26-f597176e6b4e,Observer Pattern Notify,"class Emitter { constructor() { this.listeners = {}; } on(e, fn) { (this.listeners[e] = this.listeners[e] || []).push(fn); } emit(e) { (this.listeners[e] || []).forEach(fn => fn()); } } const em = new Emitter(); em.on(""a"", () => console.log(""1"")); em.on(""a"", () => console.log(""2"")); em.emit(""a"");","[{""key"":""A"",""lines"":[""1"",""2""],""is_correct"":true},{""key"":""B"",""lines"":[""2"",""1""],""is_correct"":false},{""key"":""C"",""lines"":[""1""],""is_correct"":false}]",js_core_v8
08bdf4d3-ccba-4193-8c84-f9eb815c48ef,7bfacaa9-0ada-484b-9f37-ef63d4c0145f,Short-circuit Evaluation,"console.log(false || ""hello""); console.log(true && ""world""); console.log(null ?? ""default"");","[{""key"":""A"",""lines"":[""hello"",""world"",""default""],""is_correct"":true},{""key"":""B"",""lines"":[""false"",""true"",""null""],""is_correct"":false},{""key"":""C"",""lines"":[""hello"",""true"",""default""],""is_correct"":false}]",js_core_v8
096bcd1e-4609-4cdf-aa3e-c689ae7c09af,dba47640-7f84-4270-820f-047fe54e4515,let in Block Scope,{ let y = 20; } console.log(y);,"[{""key"":""A"",""lines"":[""ReferenceError: y is not defined""],""is_correct"":true},{""key"":""B"",""lines"":[""20""],""is_correct"":false},{""key"":""C"",""lines"":[""undefined""],""is_correct"":false}]",js_core_v8
09c1c890-d1e6-426c-9b04-4c20049ffc8e,d312e123-05ab-4d5e-b6da-a4b82f790340,Basic Array Destructuring,"const [a, b, c] = [1, 2, 3]; console.log(a); console.log(b); console.log(c);","[{""key"":""A"",""lines"":[""1"",""2"",""3""],""is_correct"":true},{""key"":""B"",""lines"":[""[1,2,3]"",""undefined"",""undefined""],""is_correct"":false},{""key"":""C"",""lines"":[""undefined"",""undefined"",""undefined""],""is_correct"":false}]",js_core_v8
09d89e46-acde-4037-a7dd-ea2830d24ae0,57f173c5-9d58-4baf-af61-f6c33e226985,Implicit Coercion,"console.log(""5"" - 2); console.log(""5"" + 2); console.log(""5"" * ""2"");","[{""key"":""A"",""lines"":[""3"",""52"",""10""],""is_correct"":true},{""key"":""B"",""lines"":[""3"",""7"",""10""],""is_correct"":false},{""key"":""C"",""lines"":[""NaN"",""52"",""NaN""],""is_correct"":false}]",js_core_v8
0b233ef4-d31f-464c-b842-5fe59bf42c87,57f173c5-9d58-4baf-af61-f6c33e226985,Symbol Uniqueness,"const s1 = Symbol(""id""); const s2 = Symbol(""id""); console.log(s1 === s2); console.log(typeof s1);","[{""key"":""A"",""lines"":[""false"",""symbol""],""is_correct"":true},{""key"":""B"",""lines"":[""true"",""symbol""],""is_correct"":false},{""key"":""C"",""lines"":[""false"",""string""],""is_correct"":false}]",js_core_v8
0bcd3893-66c9-4568-9f3e-5b4ecd648498,79b93a68-d914-43de-9d9b-ed749a2b9af8,Object.assign(),"const target = { a: 1 }; const source = { b: 2, c: 3 }; Object.assign(target, source); console.log(target);","[{""key"":""A"",""lines"":[""{ a: 1, b: 2, c: 3 }""],""is_correct"":true},{""key"":""B"",""lines"":[""{ b: 2, c: 3 }""],""is_correct"":false},{""key"":""C"",""lines"":[""{ a: 1 }""],""is_correct"":false}]",js_core_v8
0da35a69-3604-44b0-9ac9-e8c2f5d1e973,978cabe5-d262-4b5a-871a-eeddcddddab1,Partial Utility,"interface User { name: string; age: number; } const u: Partial<User> = { name: ""Alice"" }; console.log(u.name); console.log(u.age);","[{""key"":""A"",""lines"":[""Alice"",""undefined""],""is_correct"":true},{""key"":""B"",""lines"":[""Alice"",""null""],""is_correct"":false},{""key"":""C"",""lines"":[""undefined"",""undefined""],""is_correct"":false}]",js_core_v8
0e5bacba-32ab-4de6-947b-aa619b2041d6,621a99fa-161b-48ff-8248-56d053cfa5cf,this with apply(),"function introduce(greeting) { console.log(greeting + "", "" + this.name); } const user = { name: ""Grace"" }; introduce.apply(user, [""Hello""]);","[{""key"":""A"",""lines"":[""Hello, Grace""],""is_correct"":true},{""key"":""B"",""lines"":[""Hello, undefined""],""is_correct"":false},{""key"":""C"",""lines"":[""undefined, Grace""],""is_correct"":false}]",js_core_v8
107c56f7-3745-4194-8841-0d25fe4366a0,7bfacaa9-0ada-484b-9f37-ef63d4c0145f,Number Conversions,"console.log(Number("""")); console.log(Number(""3px"")); console.log(Number(true));","[{""key"":""A"",""lines"":[""0"",""NaN"",""1""],""is_correct"":true},{""key"":""B"",""lines"":[""NaN"",""NaN"",""1""],""is_correct"":false},{""key"":""C"",""lines"":[""0"",""3"",""1""],""is_correct"":false}]",js_core_v8
11932091-4a77-498e-a963-fc152f9f1d54,4f748f49-ead6-4339-996c-830b2cd8b227,sessionStorage vs localStorage,"sessionStorage.setItem(""s"", ""session""); localStorage.setItem(""l"", ""local""); console.log(sessionStorage.getItem(""l"")); console.log(localStorage.getItem(""s""));","[{""key"":""A"",""lines"":[""null"",""null""],""is_correct"":true},{""key"":""B"",""lines"":[""local"",""session""],""is_correct"":false},{""key"":""C"",""lines"":[""undefined"",""undefined""],""is_correct"":false}]",js_core_v8
1389c554-247d-4efd-b74a-8dff256ce4aa,27016f62-4516-40fb-88f0-2bba5bbbe453,Named vs Anonymous,const foo = function bar() { return bar.name; }; console.log(foo()); console.log(foo.name);,"[{""key"":""A"",""lines"":[""bar"",""bar""],""is_correct"":true},{""key"":""B"",""lines"":[""foo"",""foo""],""is_correct"":false},{""key"":""C"",""lines"":[""bar"",""foo""],""is_correct"":false}]",js_core_v8
151dcc9f-26b5-4698-be9f-85d1ce6d42d5,6c54cf32-2028-46ad-9a3d-36e6c763fbc9,Optional Property,"interface User { name: string; age?: number; } const u: User = { name: ""Alice"" }; console.log(u.name); console.log(u.age);","[{""key"":""A"",""lines"":[""Alice"",""undefined""],""is_correct"":true},{""key"":""B"",""lines"":[""Alice"",""null""],""is_correct"":false},{""key"":""C"",""lines"":[""Alice"",""0""],""is_correct"":false}]",js_core_v8
162071ec-2153-48dd-a533-3eb3c7652e45,120a5dcb-a297-4209-904a-28a534fbf8fc,clearTimeout,"const id = setTimeout(() => console.log(""fired""), 0); clearTimeout(id); console.log(""done"");","[{""key"":""A"",""lines"":[""done""],""is_correct"":true},{""key"":""B"",""lines"":[""fired"",""done""],""is_correct"":false},{""key"":""C"",""lines"":[""done"",""fired""],""is_correct"":false}]",js_core_v8
1957b593-824d-4251-bbf0-e4a1c84736f0,dba47640-7f84-4270-820f-047fe54e4515,Nested Scope Lookup,"let a = 1; function outer() { let b = 2; function inner() { let c = 3; console.log(a, b, c); } inner(); } outer();","[{""key"":""A"",""lines"":[""1 2 3""],""is_correct"":true},{""key"":""B"",""lines"":[""undefined 2 3""],""is_correct"":false},{""key"":""C"",""lines"":[""ReferenceError""],""is_correct"":false}]",js_core_v8
1a39ffca-3a4d-4ff8-b451-40ad423e6f4c,dba47640-7f84-4270-820f-047fe54e4515,Hoisting in Scope,function test() { console.log(n); var n = 5; console.log(n); } test();,"[{""key"":""A"",""lines"":[""undefined"",""5""],""is_correct"":true},{""key"":""B"",""lines"":[""5"",""5""],""is_correct"":false},{""key"":""C"",""lines"":[""ReferenceError"",""5""],""is_correct"":false}]",js_core_v8
1e97c8f6-be03-4bb6-b23d-dbabcfaaa644,63b970d8-27c9-4374-8f14-c3c6537040a1,sort by String Length,"const words = [""fig"", ""apple"", ""kiwi"", ""go""]; words.sort((a, b) => a.length - b.length); console.log(words);","[{""key"":""A"",""lines"":[""['go', 'fig', 'kiwi', 'apple']""],""is_correct"":true},{""key"":""B"",""lines"":[""['apple', 'kiwi', 'fig', 'go']""],""is_correct"":false},{""key"":""C"",""lines"":[""['fig', 'go', 'kiwi', 'apple']""],""is_correct"":false}]",js_core_v8
213cb1e0-1ada-4b4b-aa2f-c88eda14aa40,65dbc9a2-57d7-40d5-a266-a7f045f9e808,var Hoisting,"console.log(x);
var x = 5;
console.log(x);","[{""key"":""A"",""lines"":[""undefined"",""5""],""is_correct"":true},{""key"":""B"",""lines"":[""ReferenceError"",""5""],""is_correct"":false},{""key"":""C"",""lines"":[""5"",""5""],""is_correct"":false}]",js_core_v8
25102b58-1581-4f00-b337-cc756e353e67,978cabe5-d262-4b5a-871a-eeddcddddab1,Generic Map Function,"function mapArr<T, U>(arr: T[], fn: (x: T) => U): U[] { return arr.map(fn); } const result = mapArr([1, 2, 3], x => x * 2); console.log(result);","[{""key"":""A"",""lines"":[""[2, 4, 6]""],""is_correct"":true},{""key"":""B"",""lines"":[""[1, 2, 3]""],""is_correct"":false},{""key"":""C"",""lines"":[""undefined""],""is_correct"":false}]",js_core_v8
25dc3c67-f7f1-4de1-ab12-2bf04d2bc9e0,e828bcad-8531-45fe-8f26-f597176e6b4e,Event Before Listener,"const el = new EventTarget(); el.dispatchEvent(new Event(""click"")); el.addEventListener(""click"", () => console.log(""fired"")); console.log(""done"");","[{""key"":""A"",""lines"":[""done""],""is_correct"":true},{""key"":""B"",""lines"":[""fired"",""done""],""is_correct"":false},{""key"":""C"",""lines"":[""done"",""fired""],""is_correct"":false}]",js_core_v8
2884a91e-f077-4414-8a95-bb458289a17d,dba47640-7f84-4270-820f-047fe54e4515,Function Scope vs Block,function run() { if (true) { var a = 1; let b = 2; } console.log(a); console.log(b); } run();,"[{""key"":""A"",""lines"":[""1"",""ReferenceError: b is not defined""],""is_correct"":true},{""key"":""B"",""lines"":[""1"",""2""],""is_correct"":false},{""key"":""C"",""lines"":[""undefined"",""undefined""],""is_correct"":false}]",js_core_v8
2929af5e-82a8-4222-94a6-79ebb71f0a2f,e828bcad-8531-45fe-8f26-f597176e6b4e,once Option,"const el = new EventTarget(); el.addEventListener(""click"", () => console.log(""clicked""), { once: true }); el.dispatchEvent(new Event(""click"")); el.dispatchEvent(new Event(""click"")); console.log(""done"");","[{""key"":""A"",""lines"":[""clicked"",""done""],""is_correct"":true},{""key"":""B"",""lines"":[""clicked"",""clicked"",""done""],""is_correct"":false},{""key"":""C"",""lines"":[""done""],""is_correct"":false}]",js_core_v8
298f9bef-0d10-4b7a-a920-c806006ed07f,d312e123-05ab-4d5e-b6da-a4b82f790340,Object Destructuring,"const { name, age } = { name: ""Alice"", age: 25, city: ""NY"" }; console.log(name); console.log(age);","[{""key"":""A"",""lines"":[""Alice"",""25""],""is_correct"":true},{""key"":""B"",""lines"":[""undefined"",""undefined""],""is_correct"":false},{""key"":""C"",""lines"":[""Alice"",""undefined""],""is_correct"":false}]",js_core_v8
2a544889-a577-44a0-8d18-c75e2225bc4f,120a5dcb-a297-4209-904a-28a534fbf8fc,async/await Order,"async function run() { console.log(""a""); await Promise.resolve(); console.log(""b""); } run(); console.log(""c"");","[{""key"":""A"",""lines"":[""a"",""c"",""b""],""is_correct"":true},{""key"":""B"",""lines"":[""a"",""b"",""c""],""is_correct"":false},{""key"":""C"",""lines"":[""c"",""a"",""b""],""is_correct"":false}]",js_core_v8
2cd9c1cd-5ee9-4b1e-baaf-dd19a789e903,e828bcad-8531-45fe-8f26-f597176e6b4e,Multiple Listeners,"const el = new EventTarget(); el.addEventListener(""click"", () => console.log(""first"")); el.addEventListener(""click"", () => console.log(""second"")); el.dispatchEvent(new Event(""click""));","[{""key"":""A"",""lines"":[""first"",""second""],""is_correct"":true},{""key"":""B"",""lines"":[""second"",""first""],""is_correct"":false},{""key"":""C"",""lines"":[""first""],""is_correct"":false}]",js_core_v8
2d1b6bf0-881f-448f-9f98-c318a546020d,0cd747c8-84db-4c5f-bd20-4ef26f1426d9,Shared Closure State,"function make() { let x = 0; return { inc: () => ++x, get: () => x }; } const obj = make(); obj.inc(); obj.inc(); console.log(obj.get());","[{""key"":""A"",""lines"":[""2""],""is_correct"":true},{""key"":""B"",""lines"":[""0""],""is_correct"":false},{""key"":""C"",""lines"":[""1""],""is_correct"":false}]",js_core_v8
2dd2ddeb-1484-4e08-8db3-b9fc69b3e82e,0cd747c8-84db-4c5f-bd20-4ef26f1426d9,Closure Over Loop var,var funcs = []; for (var i = 0; i < 3; i++) { funcs.push(function() { return i; }); } console.log(funcs[0]()); console.log(funcs[1]()); console.log(funcs[2]());,"[{""key"":""A"",""lines"":[""3"",""3"",""3""],""is_correct"":true},{""key"":""B"",""lines"":[""0"",""1"",""2""],""is_correct"":false},{""key"":""C"",""lines"":[""0"",""0"",""0""],""is_correct"":false}]",js_core_v8
2f245b0e-a282-439a-8c8f-f156379a436e,27016f62-4516-40fb-88f0-2bba5bbbe453,Rest Parameters,"function sum(...nums) { return nums.reduce((a, b) => a + b, 0); } console.log(sum(1, 2, 3, 4));","[{""key"":""A"",""lines"":[""10""],""is_correct"":true},{""key"":""B"",""lines"":[""[1,2,3,4]""],""is_correct"":false},{""key"":""C"",""lines"":[""NaN""],""is_correct"":false}]",js_core_v8
2f66ee7b-672c-4988-9eee-4d4b2c9cf913,63b970d8-27c9-4374-8f14-c3c6537040a1,sort Strings,"const words = [""banana"", ""apple"", ""cherry""]; words.sort(); console.log(words);","[{""key"":""A"",""lines"":[""['apple', 'banana', 'cherry']""],""is_correct"":true},{""key"":""B"",""lines"":[""['banana', 'apple', 'cherry']""],""is_correct"":false},{""key"":""C"",""lines"":[""['cherry', 'banana', 'apple']""],""is_correct"":false}]",js_core_v8
31537c90-e0a2-4d95-a8fc-1c4b60fea563,79b93a68-d914-43de-9d9b-ed749a2b9af8,Object Reference Copy,const a = { val: 1 }; const b = a; b.val = 99; console.log(a.val);,"[{""key"":""A"",""lines"":[""99""],""is_correct"":true},{""key"":""B"",""lines"":[""1""],""is_correct"":false},{""key"":""C"",""lines"":[""undefined""],""is_correct"":false}]",js_core_v8
31a03e8a-e23f-452d-9dad-74e2a32110f0,0cd747c8-84db-4c5f-bd20-4ef26f1426d9,Closure Over Loop let,var funcs = []; for (let i = 0; i < 3; i++) { funcs.push(function() { return i; }); } console.log(funcs[0]()); console.log(funcs[1]()); console.log(funcs[2]());,"[{""key"":""A"",""lines"":[""0"",""1"",""2""],""is_correct"":true},{""key"":""B"",""lines"":[""3"",""3"",""3""],""is_correct"":false},{""key"":""C"",""lines"":[""undefined"",""undefined"",""undefined""],""is_correct"":false}]",js_core_v8
31afdfef-8676-4605-a9d9-479db1e8b0bf,120a5dcb-a297-4209-904a-28a534fbf8fc,setTimeout vs Promise,"console.log(""1""); setTimeout(() => console.log(""2""), 0); Promise.resolve().then(() => console.log(""3"")); console.log(""4"");","[{""key"":""A"",""lines"":[""1"",""4"",""3"",""2""],""is_correct"":true},{""key"":""B"",""lines"":[""1"",""2"",""3"",""4""],""is_correct"":false},{""key"":""C"",""lines"":[""1"",""4"",""2"",""3""],""is_correct"":false}]",js_core_v8
337f93f0-3b5f-475e-9081-49f57ba427cd,0cd747c8-84db-4c5f-bd20-4ef26f1426d9,IIFE Closure Fix,"for (var i = 0; i < 3; i++) { (function(j) { setTimeout(function() { console.log(j); }, 0); })(i); }","[{""key"":""A"",""lines"":[""0"",""1"",""2""],""is_correct"":true},{""key"":""B"",""lines"":[""3"",""3"",""3""],""is_correct"":false},{""key"":""C"",""lines"":[""0"",""0"",""0""],""is_correct"":false}]",js_core_v8
35a803d4-2daa-433b-9e21-f81b0c63dc9d,800a76ec-4de2-4864-b446-8bea5d790ef3,Object by Reference,"function update(obj) { obj.name = ""Bob""; } const user = { name: ""Alice"" }; update(user); console.log(user.name);","[{""key"":""A"",""lines"":[""Bob""],""is_correct"":true},{""key"":""B"",""lines"":[""Alice""],""is_correct"":false},{""key"":""C"",""lines"":[""undefined""],""is_correct"":false}]",js_core_v8
3b46e0fe-b9b2-42e2-a548-23586d7798a1,6c54cf32-2028-46ad-9a3d-36e6c763fbc9,Type Narrowing instanceof,"class Dog { bark() { return ""woof""; } } function speak(animal: Dog | string) { if (animal instanceof Dog) return animal.bark(); return animal.toUpperCase(); } console.log(speak(new Dog())); console.log(speak(""cat""));","[{""key"":""A"",""lines"":[""woof"",""CAT""],""is_correct"":true},{""key"":""B"",""lines"":[""woof"",""cat""],""is_correct"":false},{""key"":""C"",""lines"":[""undefined"",""CAT""],""is_correct"":false}]",js_core_v8
3c1cf51e-fc21-4615-8ada-537f7274b0fe,65dbc9a2-57d7-40d5-a266-a7f045f9e808,let Loop Closure,"for (let i = 0; i < 3; i++) {
  setTimeout(() => console.log(i), 0);
}","[{""key"":""A"",""lines"":[""3"",""3"",""3""],""is_correct"":false},{""key"":""B"",""lines"":[""0"",""1"",""2""],""is_correct"":true},{""key"":""C"",""lines"":[""undefined"",""undefined"",""undefined""],""is_correct"":false}]",js_core_v8
3dec1d21-b691-47c9-ac89-3b92a8bcfea3,6c54cf32-2028-46ad-9a3d-36e6c763fbc9,Type Assertion,"const val = (""hello"" as unknown) as number; console.log(typeof val); console.log(val);","[{""key"":""A"",""lines"":[""string"",""hello""],""is_correct"":true},{""key"":""B"",""lines"":[""number"",""hello""],""is_correct"":false},{""key"":""C"",""lines"":[""number"",""NaN""],""is_correct"":false}]",js_core_v8
3f681048-fe77-4bdb-b593-a8560f281181,6c54cf32-2028-46ad-9a3d-36e6c763fbc9,Readonly Property,const obj: { readonly x: number } = { x: 10 }; console.log(obj.x); // obj.x = 20 would be TS error console.log(typeof obj.x);,"[{""key"":""A"",""lines"":[""10"",""number""],""is_correct"":true},{""key"":""B"",""lines"":[""undefined"",""number""],""is_correct"":false},{""key"":""C"",""lines"":[""10"",""string""],""is_correct"":false}]",js_core_v8
3f7643ad-747d-46bb-90a5-9527ecfd7bf1,0cd747c8-84db-4c5f-bd20-4ef26f1426d9,Independent Closures,function counter() { let n = 0; return () => ++n; } const a = counter(); const b = counter(); a(); a(); b(); console.log(a()); console.log(b());,"[{""key"":""A"",""lines"":[""3"",""2""],""is_correct"":true},{""key"":""B"",""lines"":[""3"",""3""],""is_correct"":false},{""key"":""C"",""lines"":[""2"",""1""],""is_correct"":false}]",js_core_v8
431dcc8b-671a-4203-b35c-1203e6b67be2,800a76ec-4de2-4864-b446-8bea5d790ef3,Primitive by Value,function change(x) { x = 100; } let n = 5; change(n); console.log(n);,"[{""key"":""A"",""lines"":[""5""],""is_correct"":true},{""key"":""B"",""lines"":[""100""],""is_correct"":false},{""key"":""C"",""lines"":[""undefined""],""is_correct"":false}]",js_core_v8
43657000-7cfd-405c-b9c7-0adc19a6c7b7,d312e123-05ab-4d5e-b6da-a4b82f790340,Spread vs Rest,"function sum([a, b, ...rest]) { console.log(a); console.log(rest); } sum([1, 2, 3, 4, 5]);","[{""key"":""A"",""lines"":[""1"",""[3, 4, 5]""],""is_correct"":true},{""key"":""B"",""lines"":[""1"",""[2, 3, 4, 5]""],""is_correct"":false},{""key"":""C"",""lines"":[""[1]"",""[3, 4, 5]""],""is_correct"":false}]",js_core_v8
4439dad6-18a6-4ee1-a6e7-bc9cda84b9cd,120a5dcb-a297-4209-904a-28a534fbf8fc,queueMicrotask,"console.log(""1""); queueMicrotask(() => console.log(""2"")); setTimeout(() => console.log(""3""), 0); console.log(""4"");","[{""key"":""A"",""lines"":[""1"",""4"",""2"",""3""],""is_correct"":true},{""key"":""B"",""lines"":[""1"",""2"",""4"",""3""],""is_correct"":false},{""key"":""C"",""lines"":[""1"",""4"",""3"",""2""],""is_correct"":false}]",js_core_v8
45d066f2-1f75-4f6e-8aa5-975110702d69,e828bcad-8531-45fe-8f26-f597176e6b4e,Listener Receives Event,"const el = new EventTarget(); el.addEventListener(""test"", (e) => { console.log(e.type); console.log(e instanceof Event); }); el.dispatchEvent(new Event(""test""));","[{""key"":""A"",""lines"":[""test"",""true""],""is_correct"":true},{""key"":""B"",""lines"":[""test"",""false""],""is_correct"":false},{""key"":""C"",""lines"":[""Event"",""true""],""is_correct"":false}]",js_core_v8
4a5ded12-2177-4a5c-bee8-53d5c952033b,57f173c5-9d58-4baf-af61-f6c33e226985,Object to Primitive,console.log({} + []); console.log([] + {}); console.log([] + []);,"[{""key"":""A"",""lines"":[""0"",""[object Object]"",""""],""is_correct"":true},{""key"":""B"",""lines"":[""NaN"",""NaN"",""""],""is_correct"":false},{""key"":""C"",""lines"":[""[object Object]"",""[object Object]"",""[]""],""is_correct"":false}]",js_core_v8
4bf643a1-faa9-4ed7-96c4-ba670a2ec382,d312e123-05ab-4d5e-b6da-a4b82f790340,Rest in Array,"const [first, ...rest] = [1, 2, 3, 4]; console.log(first); console.log(rest);","[{""key"":""A"",""lines"":[""1"",""[2, 3, 4]""],""is_correct"":true},{""key"":""B"",""lines"":[""1"",""[2]""],""is_correct"":false},{""key"":""C"",""lines"":[""[1]"",""[2, 3, 4]""],""is_correct"":false}]",js_core_v8
511dacf7-b967-4771-8101-3a3c2bb5ed69,4f748f49-ead6-4339-996c-830b2cd8b227,localStorage Number,"localStorage.setItem(""num"", 42); const val = localStorage.getItem(""num""); console.log(val); console.log(typeof val);","[{""key"":""A"",""lines"":[""42"",""string""],""is_correct"":true},{""key"":""B"",""lines"":[""42"",""number""],""is_correct"":false},{""key"":""C"",""lines"":[""undefined"",""undefined""],""is_correct"":false}]",js_core_v8
528533f0-b45e-4af8-8f95-cd679eaa3407,0cd747c8-84db-4c5f-bd20-4ef26f1426d9,Basic Closure,function outer() { let count = 0; return function() { count++; return count; }; } const inc = outer(); console.log(inc()); console.log(inc()); console.log(inc());,"[{""key"":""A"",""lines"":[""1"",""2"",""3""],""is_correct"":true},{""key"":""B"",""lines"":[""0"",""1"",""2""],""is_correct"":false},{""key"":""C"",""lines"":[""1"",""1"",""1""],""is_correct"":false}]",js_core_v8
5569bfd0-4d79-4f9d-8117-eb198f8de139,6c54cf32-2028-46ad-9a3d-36e6c763fbc9,Tuple Types,"const pair: [string, number] = [""age"", 25]; console.log(pair[0]); console.log(pair[1]); console.log(typeof pair[0]);","[{""key"":""A"",""lines"":[""age"",""25"",""string""],""is_correct"":true},{""key"":""B"",""lines"":[""age"",""25"",""number""],""is_correct"":false},{""key"":""C"",""lines"":[""25"",""age"",""string""],""is_correct"":false}]",js_core_v8
55743cf0-ed7d-4d5b-9a68-def6d2256631,79b93a68-d914-43de-9d9b-ed749a2b9af8,Optional Chaining,"const user = { profile: { name: ""Bob"" } }; console.log(user.profile?.name); console.log(user.address?.city);","[{""key"":""A"",""lines"":[""Bob"",""undefined""],""is_correct"":true},{""key"":""B"",""lines"":[""Bob"",""TypeError""],""is_correct"":false},{""key"":""C"",""lines"":[""undefined"",""undefined""],""is_correct"":false}]",js_core_v8
5627b3ad-6956-497a-a883-69369f9b1080,27016f62-4516-40fb-88f0-2bba5bbbe453,Arguments Object,"function test() { console.log(arguments[0]); console.log(arguments.length); } test(10, 20, 30);","[{""key"":""A"",""lines"":[""10"",""3""],""is_correct"":true},{""key"":""B"",""lines"":[""10"",""1""],""is_correct"":false},{""key"":""C"",""lines"":[""undefined"",""3""],""is_correct"":false}]",js_core_v8
5b48ca89-6a7e-4593-99e2-c4b8db39006b,dba47640-7f84-4270-820f-047fe54e4515,Variable Shadowing,"let val = ""global""; function test() { let val = ""local""; console.log(val); } test(); console.log(val);","[{""key"":""A"",""lines"":[""local"",""global""],""is_correct"":true},{""key"":""B"",""lines"":[""global"",""global""],""is_correct"":false},{""key"":""C"",""lines"":[""local"",""local""],""is_correct"":false}]",js_core_v8
5b68cfbd-0475-4b55-b5f6-152b3dccf58d,6807e7e4-0000-45cd-9fc0-328c60d38c98,Array Spread,"const a = [1, 2]; const b = [3, 4]; const c = [...a, ...b, 5]; console.log(c);","[{""key"":""A"",""lines"":[""[1, 2, 3, 4, 5]""],""is_correct"":true},{""key"":""B"",""lines"":[""[[1,2],[3,4],5]""],""is_correct"":false},{""key"":""C"",""lines"":[""[1, 2, 3, 4]""],""is_correct"":false}]",js_core_v8
5d2c6ba1-ceed-4705-ab13-788354199c53,79b93a68-d914-43de-9d9b-ed749a2b9af8,Object.keys(),"const obj = { a: 1, b: 2, c: 3 }; console.log(Object.keys(obj)); console.log(Object.values(obj));","[{""key"":""A"",""lines"":[""['a', 'b', 'c']"",""[1, 2, 3]""],""is_correct"":true},{""key"":""B"",""lines"":[""[1, 2, 3]"",""['a', 'b', 'c']""],""is_correct"":false},{""key"":""C"",""lines"":[""{ a, b, c }"",""{ 1, 2, 3 }""],""is_correct"":false}]",js_core_v8
5d8f486f-543b-497f-9a89-a035a17f02c2,0cd747c8-84db-4c5f-bd20-4ef26f1426d9,Closure Remembers Outer,function outer(x) { function inner(y) { return x + y; } return inner; } const fn = outer(10); console.log(fn(5)); console.log(fn(20));,"[{""key"":""A"",""lines"":[""15"",""30""],""is_correct"":true},{""key"":""B"",""lines"":[""5"",""20""],""is_correct"":false},{""key"":""C"",""lines"":[""10"",""10""],""is_correct"":false}]",js_core_v8
621e10d9-cf61-4f0f-ab75-8862f0e4d664,27016f62-4516-40fb-88f0-2bba5bbbe453,Function Declaration Hoisting,"console.log(greet()); function greet() { return ""hello""; }","[{""key"":""A"",""lines"":[""hello""],""is_correct"":true},{""key"":""B"",""lines"":[""undefined""],""is_correct"":false},{""key"":""C"",""lines"":[""ReferenceError""],""is_correct"":false}]",js_core_v8
64015a8b-49f8-4f79-ad3e-0d9a70dcf7ff,e828bcad-8531-45fe-8f26-f597176e6b4e,off Removes One,"class Emitter { constructor(){this.ev={};} on(e,fn){(this.ev[e]=this.ev[e]||[]).push(fn);} off(e,fn){this.ev[e]=(this.ev[e]||[]).filter(f=>f!==fn);} emit(e){(this.ev[e]||[]).forEach(fn=>fn());} } const em=new Emitter(); const f1=()=>console.log(""f1""); const f2=()=>console.log(""f2""); em.on(""x"",f1); em.on(""x"",f2); em.off(""x"",f1); em.emit(""x"");","[{""key"":""A"",""lines"":[""f2""],""is_correct"":true},{""key"":""B"",""lines"":[""f1"",""f2""],""is_correct"":false},{""key"":""C"",""lines"":[""f1""],""is_correct"":false}]",js_core_v8
64a8a6b2-1e1b-4e7a-8776-a39575a977e2,7bfacaa9-0ada-484b-9f37-ef63d4c0145f,Loose Equality,"console.log(0 == false); console.log("""" == false); console.log(null == undefined);","[{""key"":""A"",""lines"":[""true"",""true"",""true""],""is_correct"":true},{""key"":""B"",""lines"":[""false"",""true"",""true""],""is_correct"":false},{""key"":""C"",""lines"":[""true"",""false"",""false""],""is_correct"":false}]",js_core_v8
688310ca-ac50-4aa5-9c72-7343bf73cfd6,65dbc9a2-57d7-40d5-a266-a7f045f9e808,let in Block Scope,"{
  let d = 4;
}
console.log(d);","[{""key"":""A"",""lines"":[""4""],""is_correct"":false},{""key"":""B"",""lines"":[""undefined""],""is_correct"":false},{""key"":""C"",""lines"":[""ReferenceError: d is not defined""],""is_correct"":true}]",js_core_v8
68a786d3-83df-4771-a866-02f6954851a9,800a76ec-4de2-4864-b446-8bea5d790ef3,Spread as Arguments,"function add(a, b, c) { return a + b + c; } const nums = [1, 2, 3]; console.log(add(...nums));","[{""key"":""A"",""lines"":[""6""],""is_correct"":true},{""key"":""B"",""lines"":[""[1,2,3]""],""is_correct"":false},{""key"":""C"",""lines"":[""NaN""],""is_correct"":false}]",js_core_v8
68c22f88-2dc6-4ba2-ab4f-564f4b71440b,27016f62-4516-40fb-88f0-2bba5bbbe453,Default Parameters,"function greet(name = ""World"") { return ""Hello, "" + name; } console.log(greet()); console.log(greet(""Alice""));","[{""key"":""A"",""lines"":[""Hello, World"",""Hello, Alice""],""is_correct"":true},{""key"":""B"",""lines"":[""Hello, undefined"",""Hello, Alice""],""is_correct"":false},{""key"":""C"",""lines"":[""Hello, "",""Hello, Alice""],""is_correct"":false}]",js_core_v8
6cb190d0-e53c-4dbd-b2e3-7dd7904d1bf5,79b93a68-d914-43de-9d9b-ed749a2b9af8,Shallow Clone,"const a = { x: 1, nested: { y: 2 } }; const b = { ...a }; b.x = 10; b.nested.y = 20; console.log(a.x); console.log(a.nested.y);","[{""key"":""A"",""lines"":[""1"",""20""],""is_correct"":true},{""key"":""B"",""lines"":[""10"",""20""],""is_correct"":false},{""key"":""C"",""lines"":[""1"",""2""],""is_correct"":false}]",js_core_v8
702943ce-9ba6-48f0-9252-65e72eaa460c,4f748f49-ead6-4339-996c-830b2cd8b227,Date typeof,const d = new Date(); console.log(typeof d); console.log(d instanceof Date);,"[{""key"":""A"",""lines"":[""object"",""true""],""is_correct"":true},{""key"":""B"",""lines"":[""date"",""true""],""is_correct"":false},{""key"":""C"",""lines"":[""object"",""false""],""is_correct"":false}]",js_core_v8
710371b3-5efd-4a0e-bab1-5f6bba28711a,6c54cf32-2028-46ad-9a3d-36e6c763fbc9,Enum Values,"enum Direction { Up = 1, Down, Left, Right } console.log(Direction.Up); console.log(Direction.Down); console.log(Direction[3]);","[{""key"":""A"",""lines"":[""1"",""2"",""Left""],""is_correct"":true},{""key"":""B"",""lines"":[""0"",""1"",""Left""],""is_correct"":false},{""key"":""C"",""lines"":[""1"",""2"",""Right""],""is_correct"":false}]",js_core_v8
71b3154f-b7c0-44da-8f34-365a9def898a,7bfacaa9-0ada-484b-9f37-ef63d4c0145f,Strict Equality,"console.log(1 === ""1""); console.log(null === undefined); console.log(NaN === NaN);","[{""key"":""A"",""lines"":[""false"",""false"",""false""],""is_correct"":true},{""key"":""B"",""lines"":[""false"",""true"",""false""],""is_correct"":false},{""key"":""C"",""lines"":[""true"",""false"",""false""],""is_correct"":false}]",js_core_v8
71fb641d-7e71-46e3-98cb-d507be68f14f,800a76ec-4de2-4864-b446-8bea5d790ef3,Array Mutation,"function addItem(arr) { arr.push(4); } const nums = [1, 2, 3]; addItem(nums); console.log(nums);","[{""key"":""A"",""lines"":[""[1, 2, 3, 4]""],""is_correct"":true},{""key"":""B"",""lines"":[""[1, 2, 3]""],""is_correct"":false},{""key"":""C"",""lines"":[""[4]""],""is_correct"":false}]",js_core_v8
746bcd79-2b68-4c6d-afbb-444e0e36b857,120a5dcb-a297-4209-904a-28a534fbf8fc,setTimeout Order,"console.log(""start""); setTimeout(() => console.log(""timeout""), 0); console.log(""end"");","[{""key"":""A"",""lines"":[""start"",""end"",""timeout""],""is_correct"":true},{""key"":""B"",""lines"":[""start"",""timeout"",""end""],""is_correct"":false},{""key"":""C"",""lines"":[""timeout"",""start"",""end""],""is_correct"":false}]",js_core_v8
755d9b10-7c78-413c-a32e-16efc2181807,6807e7e4-0000-45cd-9fc0-328c60d38c98,reduce Sum,"const nums = [1, 2, 3, 4]; const sum = nums.reduce((acc, n) => acc + n, 0); console.log(sum);","[{""key"":""A"",""lines"":[""10""],""is_correct"":true},{""key"":""B"",""lines"":[""0""],""is_correct"":false},{""key"":""C"",""lines"":[""[1,2,3,4]""],""is_correct"":false}]",js_core_v8
76cbc807-88fa-4a90-a1ff-9ca02c1084e5,57f173c5-9d58-4baf-af61-f6c33e226985,Infinity and Zero,console.log(1 / 0); console.log(-1 / 0); console.log(0 === -0);,"[{""key"":""A"",""lines"":[""Infinity"",""-Infinity"",""true""],""is_correct"":true},{""key"":""B"",""lines"":[""Infinity"",""-Infinity"",""false""],""is_correct"":false},{""key"":""C"",""lines"":[""NaN"",""NaN"",""true""],""is_correct"":false}]",js_core_v8
790f549e-9dcf-4771-a459-28273799531d,978cabe5-d262-4b5a-871a-eeddcddddab1,Generic Interface,interface Box<T> { value: T; } const b: Box<number> = { value: 99 }; console.log(b.value); console.log(typeof b.value);,"[{""key"":""A"",""lines"":[""99"",""number""],""is_correct"":true},{""key"":""B"",""lines"":[""undefined"",""undefined""],""is_correct"":false},{""key"":""C"",""lines"":[""99"",""string""],""is_correct"":false}]",js_core_v8
7c5b556e-aade-4413-92c8-9725621a93e1,800a76ec-4de2-4864-b446-8bea5d790ef3,Missing Arguments,"function greet(a, b) { console.log(a); console.log(b); } greet(""hello"");","[{""key"":""A"",""lines"":[""hello"",""undefined""],""is_correct"":true},{""key"":""B"",""lines"":[""hello"",""null""],""is_correct"":false},{""key"":""C"",""lines"":[""hello"",""ReferenceError""],""is_correct"":false}]",js_core_v8
7f2a318d-4a4a-43f1-b184-8f4d863c8dd0,120a5dcb-a297-4209-904a-28a534fbf8fc,Promise Chain Order,"console.log(""start""); Promise.resolve().then(() => { console.log(""p1""); return ""x""; }).then(v => console.log(""p2"", v)); console.log(""end"");","[{""key"":""A"",""lines"":[""start"",""end"",""p1"",""p2 x""],""is_correct"":true},{""key"":""B"",""lines"":[""start"",""p1"",""p2 x"",""end""],""is_correct"":false},{""key"":""C"",""lines"":[""start"",""end"",""p2 x"",""p1""],""is_correct"":false}]",js_core_v8
8111deac-a1a5-4c6c-a456-617167056f3f,63b970d8-27c9-4374-8f14-c3c6537040a1,sort Objects by Property,"const users = [{name:""Bob"",age:30},{name:""Alice"",age:25},{name:""Carol"",age:28}]; users.sort((a,b) => a.age - b.age); console.log(users[0].name); console.log(users[2].name);","[{""key"":""A"",""lines"":[""Alice"",""Bob""],""is_correct"":true},{""key"":""B"",""lines"":[""Bob"",""Carol""],""is_correct"":false},{""key"":""C"",""lines"":[""Carol"",""Alice""],""is_correct"":false}]",js_core_v8
81760264-4445-4b0f-866c-a081e463217d,7bfacaa9-0ada-484b-9f37-ef63d4c0145f,Type Coercion Addition,"console.log(1 + ""2""); console.log(+""3""); console.log(true + true);","[{""key"":""A"",""lines"":[""12"",""3"",""2""],""is_correct"":true},{""key"":""B"",""lines"":[""3"",""3"",""2""],""is_correct"":false},{""key"":""C"",""lines"":[""12"",""3"",""1""],""is_correct"":false}]",js_core_v8
83393ce3-3aae-4e46-8e8d-8cf1d2d6f64d,978cabe5-d262-4b5a-871a-eeddcddddab1,Generic Default,function wrap<T = string>(val: T): { value: T } { return { value: val }; } const r = wrap(42); console.log(r.value); console.log(typeof r.value);,"[{""key"":""A"",""lines"":[""42"",""number""],""is_correct"":true},{""key"":""B"",""lines"":[""42"",""string""],""is_correct"":false},{""key"":""C"",""lines"":[""undefined"",""undefined""],""is_correct"":false}]",js_core_v8
83668cb0-7f2c-4331-8b00-9c1801d79ff3,6807e7e4-0000-45cd-9fc0-328c60d38c98,filter Result,"const nums = [1, 2, 3, 4, 5]; const evens = nums.filter(n => n % 2 === 0); console.log(evens);","[{""key"":""A"",""lines"":[""[2, 4]""],""is_correct"":true},{""key"":""B"",""lines"":[""[1, 3, 5]""],""is_correct"":false},{""key"":""C"",""lines"":[""[2, 4, 0]""],""is_correct"":false}]",js_core_v8
844cccdf-41ce-4171-b7a6-c3a3dae5681a,6c54cf32-2028-46ad-9a3d-36e6c763fbc9,Union Type Narrowing,"function format(val: string | number) { if (typeof val === ""string"") return val.toUpperCase(); return val * 2; } console.log(format(""hi"")); console.log(format(5));","[{""key"":""A"",""lines"":[""HI"",""10""],""is_correct"":true},{""key"":""B"",""lines"":[""hi"",""10""],""is_correct"":false},{""key"":""C"",""lines"":[""HI"",""5""],""is_correct"":false}]",js_core_v8
84db9902-b1c4-4d74-8ece-539455d2c5c5,4f748f49-ead6-4339-996c-830b2cd8b227,Date Comparison,"const a = new Date(""2024-01-01""); const b = new Date(""2024-06-01""); console.log(a < b); console.log(a.getTime() === b.getTime());","[{""key"":""A"",""lines"":[""true"",""false""],""is_correct"":true},{""key"":""B"",""lines"":[""false"",""false""],""is_correct"":false},{""key"":""C"",""lines"":[""true"",""true""],""is_correct"":false}]",js_core_v8
86aa8ce6-79a1-43cc-85d2-beac23df205b,dba47640-7f84-4270-820f-047fe54e4515,Loop Scope with let,for (let i = 0; i < 3; i++) {} console.log(i);,"[{""key"":""A"",""lines"":[""ReferenceError: i is not defined""],""is_correct"":true},{""key"":""B"",""lines"":[""3""],""is_correct"":false},{""key"":""C"",""lines"":[""2""],""is_correct"":false}]",js_core_v8
8765a403-2aea-4560-824d-2dae5ce3d5b7,d312e123-05ab-4d5e-b6da-a4b82f790340,Rename in Destructuring,"const { name: firstName, age: years } = { name: ""Bob"", age: 30 }; console.log(firstName); console.log(years);","[{""key"":""A"",""lines"":[""Bob"",""30""],""is_correct"":true},{""key"":""B"",""lines"":[""undefined"",""undefined""],""is_correct"":false},{""key"":""C"",""lines"":[""name"",""age""],""is_correct"":false}]",js_core_v8
888c621d-e17f-4893-aa91-98e419f4f671,63b970d8-27c9-4374-8f14-c3c6537040a1,sort with map,"const arr = [3, 1, 2]; const result = arr.map(x => x * 2).sort((a, b) => b - a); console.log(result);","[{""key"":""A"",""lines"":[""[6, 4, 2]""],""is_correct"":true},{""key"":""B"",""lines"":[""[2, 4, 6]""],""is_correct"":false},{""key"":""C"",""lines"":[""[3, 2, 1]""],""is_correct"":false}]",js_core_v8
8a6ebd30-672b-42bc-a8a6-e7ad724a5a4b,978cabe5-d262-4b5a-871a-eeddcddddab1,Generic Constraint,"function getLength<T extends { length: number }>(val: T): number { return val.length; } console.log(getLength(""hello"")); console.log(getLength([1, 2, 3]));","[{""key"":""A"",""lines"":[""5"",""3""],""is_correct"":true},{""key"":""B"",""lines"":[""undefined"",""undefined""],""is_correct"":false},{""key"":""C"",""lines"":[""hello"",""[1,2,3]""],""is_correct"":false}]",js_core_v8
8adffd2d-45a1-43ef-92e1-27fd8a6a4dcf,4f748f49-ead6-4339-996c-830b2cd8b227,Invalid Date,"const d = new Date(""invalid""); console.log(isNaN(d)); console.log(d.toString());","[{""key"":""A"",""lines"":[""true"",""Invalid Date""],""is_correct"":true},{""key"":""B"",""lines"":[""false"",""Invalid Date""],""is_correct"":false},{""key"":""C"",""lines"":[""true"",""undefined""],""is_correct"":false}]",js_core_v8
8b85636c-a37f-4969-98dd-a94ceb34b307,27016f62-4516-40fb-88f0-2bba5bbbe453,IIFE,const result = (function() { return 42; })(); console.log(result);,"[{""key"":""A"",""lines"":[""42""],""is_correct"":true},{""key"":""B"",""lines"":[""undefined""],""is_correct"":false},{""key"":""C"",""lines"":[""[Function]""],""is_correct"":false}]",js_core_v8
8d0de562-a49a-4360-967d-d2a22642909e,621a99fa-161b-48ff-8248-56d053cfa5cf,Method Detached,"const obj = { name: ""Frank"", greet() { console.log(this.name); } }; const fn = obj.greet; fn();","[{""key"":""A"",""lines"":[""undefined""],""is_correct"":true},{""key"":""B"",""lines"":[""Frank""],""is_correct"":false},{""key"":""C"",""lines"":[""null""],""is_correct"":false}]",js_core_v8
8d44409f-3c1a-4f79-aaa6-a232d21c53e5,800a76ec-4de2-4864-b446-8bea5d790ef3,Extra Arguments Ignored,"function sum(a, b) { return a + b; } console.log(sum(1, 2, 3, 4));","[{""key"":""A"",""lines"":[""3""],""is_correct"":true},{""key"":""B"",""lines"":[""10""],""is_correct"":false},{""key"":""C"",""lines"":[""NaN""],""is_correct"":false}]",js_core_v8
8e61d07e-6ee8-42e2-a73b-90ddb366a55e,621a99fa-161b-48ff-8248-56d053cfa5cf,this with bind(),"function greet() { console.log(this.name); } const user = { name: ""Carol"" }; const bound = greet.bind(user); bound();","[{""key"":""A"",""lines"":[""Carol""],""is_correct"":true},{""key"":""B"",""lines"":[""undefined""],""is_correct"":false},{""key"":""C"",""lines"":[""null""],""is_correct"":false}]",js_core_v8
8ea4cfc4-495d-4a90-a4e8-32b31005c6cc,4f748f49-ead6-4339-996c-830b2cd8b227,localStorage removeItem,"localStorage.setItem(""x"", ""hello""); localStorage.removeItem(""x""); console.log(localStorage.getItem(""x"")); console.log(localStorage.length);","[{""key"":""A"",""lines"":[""null"",""0""],""is_correct"":true},{""key"":""B"",""lines"":[""undefined"",""0""],""is_correct"":false},{""key"":""C"",""lines"":[""null"",""1""],""is_correct"":false}]",js_core_v8
8f8c6fe6-06c0-4909-a368-2559a7b295c2,57f173c5-9d58-4baf-af61-f6c33e226985,parseInt vs Number,"console.log(parseInt(""12px"")); console.log(Number(""12px"")); console.log(parseInt(""0x1F""));","[{""key"":""A"",""lines"":[""12"",""NaN"",""31""],""is_correct"":true},{""key"":""B"",""lines"":[""12"",""12"",""31""],""is_correct"":false},{""key"":""C"",""lines"":[""NaN"",""NaN"",""31""],""is_correct"":false}]",js_core_v8
90150309-e200-4f66-acb2-79e49b55f745,63b970d8-27c9-4374-8f14-c3c6537040a1,sort Ascending,"const arr = [3, 1, 4, 1, 5]; arr.sort((a, b) => a - b); console.log(arr);","[{""key"":""A"",""lines"":[""[1, 1, 3, 4, 5]""],""is_correct"":true},{""key"":""B"",""lines"":[""[5, 4, 3, 1, 1]""],""is_correct"":false},{""key"":""C"",""lines"":[""[3, 1, 4, 1, 5]""],""is_correct"":false}]",js_core_v8
9084713f-8d95-40c6-8cc4-ad32f8f5a5df,27016f62-4516-40fb-88f0-2bba5bbbe453,Function Expression Hoisting,"console.log(add(2, 3)); var add = function(a, b) { return a + b; };","[{""key"":""A"",""lines"":[""TypeError: add is not a function""],""is_correct"":true},{""key"":""B"",""lines"":[""5""],""is_correct"":false},{""key"":""C"",""lines"":[""undefined""],""is_correct"":false}]",js_core_v8
90ef5754-cad4-4040-ad67-260ccd3d59a5,7bfacaa9-0ada-484b-9f37-ef63d4c0145f,Increment Operators,let a = 5; console.log(a++); console.log(++a); console.log(a);,"[{""key"":""A"",""lines"":[""5"",""7"",""7""],""is_correct"":true},{""key"":""B"",""lines"":[""5"",""6"",""7""],""is_correct"":false},{""key"":""C"",""lines"":[""6"",""7"",""7""],""is_correct"":false}]",js_core_v8
9314b92e-b2c9-44b9-aaeb-c056ff77df15,6807e7e4-0000-45cd-9fc0-328c60d38c98,sort Default,"const arr = [10, 9, 2, 1, 100]; arr.sort(); console.log(arr);","[{""key"":""A"",""lines"":[""[1, 10, 100, 2, 9]""],""is_correct"":true},{""key"":""B"",""lines"":[""[1, 2, 9, 10, 100]""],""is_correct"":false},{""key"":""C"",""lines"":[""[100, 10, 9, 2, 1]""],""is_correct"":false}]",js_core_v8
93a11bf0-0656-490b-a205-4299db80bb5e,621a99fa-161b-48ff-8248-56d053cfa5cf,Arrow has no this,"const obj = { name: ""Dan"", greet: () => { console.log(this.name); } }; obj.greet();","[{""key"":""A"",""lines"":[""undefined""],""is_correct"":true},{""key"":""B"",""lines"":[""Dan""],""is_correct"":false},{""key"":""C"",""lines"":[""obj""],""is_correct"":false}]",js_core_v8
9424beb2-99fc-4282-8f72-78a300dffd60,7bfacaa9-0ada-484b-9f37-ef63d4c0145f,String Comparison,"console.log(""b"" > ""a""); console.log(""10"" > ""9""); console.log(10 > 9);","[{""key"":""A"",""lines"":[""true"",""false"",""true""],""is_correct"":true},{""key"":""B"",""lines"":[""true"",""true"",""true""],""is_correct"":false},{""key"":""C"",""lines"":[""false"",""false"",""true""],""is_correct"":false}]",js_core_v8
9873deeb-20fe-4cce-86d9-026d17e98260,65dbc9a2-57d7-40d5-a266-a7f045f9e808,var Loop Closure,"for (var i = 0; i < 3; i++) {
  setTimeout(() => console.log(i), 0);
}","[{""key"":""A"",""lines"":[""0"",""1"",""2""],""is_correct"":false},{""key"":""B"",""lines"":[""3"",""3"",""3""],""is_correct"":true},{""key"":""C"",""lines"":[""undefined"",""undefined"",""undefined""],""is_correct"":false}]",js_core_v8
9aaa3727-fb3e-48de-aedd-a89a52b60385,621a99fa-161b-48ff-8248-56d053cfa5cf,this with call(),"function greet() { console.log(this.name); } const user = { name: ""Bob"" }; greet.call(user);","[{""key"":""A"",""lines"":[""Bob""],""is_correct"":true},{""key"":""B"",""lines"":[""undefined""],""is_correct"":false},{""key"":""C"",""lines"":[""greet""],""is_correct"":false}]",js_core_v8
9b09c348-278e-4fd2-ba6d-d792559d4478,57f173c5-9d58-4baf-af61-f6c33e226985,typeof Function,console.log(typeof function(){}); console.log(typeof class{}); console.log(typeof []);,"[{""key"":""A"",""lines"":[""function"",""function"",""object""],""is_correct"":true},{""key"":""B"",""lines"":[""function"",""class"",""array""],""is_correct"":false},{""key"":""C"",""lines"":[""object"",""object"",""object""],""is_correct"":false}]",js_core_v8
9bdc23c7-77d0-4431-9695-973699ea7724,800a76ec-4de2-4864-b446-8bea5d790ef3,Default with undefined,function test(x = 10) { console.log(x); } test(undefined); test(null);,"[{""key"":""A"",""lines"":[""10"",""null""],""is_correct"":true},{""key"":""B"",""lines"":[""undefined"",""null""],""is_correct"":false},{""key"":""C"",""lines"":[""10"",""10""],""is_correct"":false}]",js_core_v8
9c20e59a-dad8-464b-90dc-e67a9beb02bf,6807e7e4-0000-45cd-9fc0-328c60d38c98,Array from String,"const arr = Array.from(""hello""); console.log(arr); console.log(arr.length);","[{""key"":""A"",""lines"":[""['h','e','l','l','o']"",""5""],""is_correct"":true},{""key"":""B"",""lines"":[""['hello']"",""1""],""is_correct"":false},{""key"":""C"",""lines"":[""hello"",""5""],""is_correct"":false}]",js_core_v8
9dac4804-345f-49e3-a051-28c3c7308e64,dba47640-7f84-4270-820f-047fe54e4515,Global vs Local var,var count = 0; function increment() { var count = 10; count++; } increment(); console.log(count);,"[{""key"":""A"",""lines"":[""0""],""is_correct"":true},{""key"":""B"",""lines"":[""11""],""is_correct"":false},{""key"":""C"",""lines"":[""1""],""is_correct"":false}]",js_core_v8
a0efc487-7f71-487f-8e11-2d7b0daca9f4,621a99fa-161b-48ff-8248-56d053cfa5cf,Class method this,"class Animal { constructor(name) { this.name = name; } speak() { console.log(this.name + "" speaks""); } } const a = new Animal(""Cat""); a.speak();","[{""key"":""A"",""lines"":[""Cat speaks""],""is_correct"":true},{""key"":""B"",""lines"":[""undefined speaks""],""is_correct"":false},{""key"":""C"",""lines"":[""Animal speaks""],""is_correct"":false}]",js_core_v8
a22649fa-1db0-4ab4-b3e8-5c7f22f44e9e,978cabe5-d262-4b5a-871a-eeddcddddab1,ReturnType Utility,"function greet() { return ""hello""; } type R = ReturnType<typeof greet>; const s: R = ""world""; console.log(s); console.log(typeof s);","[{""key"":""A"",""lines"":[""world"",""string""],""is_correct"":true},{""key"":""B"",""lines"":[""hello"",""string""],""is_correct"":false},{""key"":""C"",""lines"":[""undefined"",""undefined""],""is_correct"":false}]",js_core_v8
a2cdab48-0864-4a4c-bcc9-969a0457fa7f,dba47640-7f84-4270-820f-047fe54e4515,Scope Chain,"let x = ""outer""; function middle() { let x = ""middle""; function inner() { console.log(x); } inner(); } middle();","[{""key"":""A"",""lines"":[""middle""],""is_correct"":true},{""key"":""B"",""lines"":[""outer""],""is_correct"":false},{""key"":""C"",""lines"":[""undefined""],""is_correct"":false}]",js_core_v8
a2d78e2c-4594-4b1b-ae7f-06cd59b33a66,6c54cf32-2028-46ad-9a3d-36e6c763fbc9,never Type Exhaustive,"type Shape = ""circle"" | ""square""; function area(s: Shape): string { if (s === ""circle"") return ""round""; if (s === ""square"") return ""flat""; const _: never = s; return _; } console.log(area(""circle"")); console.log(area(""square""));","[{""key"":""A"",""lines"":[""round"",""flat""],""is_correct"":true},{""key"":""B"",""lines"":[""undefined"",""undefined""],""is_correct"":false},{""key"":""C"",""lines"":[""round"",""undefined""],""is_correct"":false}]",js_core_v8
a2ebb4f5-680b-484c-9a50-ad55386a943d,65dbc9a2-57d7-40d5-a266-a7f045f9e808,var in Block Scope,"{
  var c = 3;
}
console.log(c);","[{""key"":""A"",""lines"":[""ReferenceError""],""is_correct"":false},{""key"":""B"",""lines"":[""3""],""is_correct"":true},{""key"":""C"",""lines"":[""undefined""],""is_correct"":false}]",js_core_v8
a4b18428-413e-40ac-80c4-6753e9bee639,e828bcad-8531-45fe-8f26-f597176e6b4e,removeEventListener,"const el = new EventTarget(); const fn = () => console.log(""fired""); el.addEventListener(""click"", fn); el.removeEventListener(""click"", fn); el.dispatchEvent(new Event(""click"")); console.log(""done"");","[{""key"":""A"",""lines"":[""done""],""is_correct"":true},{""key"":""B"",""lines"":[""fired"",""done""],""is_correct"":false},{""key"":""C"",""lines"":[""done"",""fired""],""is_correct"":false}]",js_core_v8
a9450a8b-60d8-464e-8efc-ea588a47cbac,27016f62-4516-40fb-88f0-2bba5bbbe453,Callback Execution,function run(fn) { return fn(5); } console.log(run(x => x * x));,"[{""key"":""A"",""lines"":[""25""],""is_correct"":true},{""key"":""B"",""lines"":[""5""],""is_correct"":false},{""key"":""C"",""lines"":[""undefined""],""is_correct"":false}]",js_core_v8
aa7d1768-3d86-423c-8fe1-e78816e29a3d,120a5dcb-a297-4209-904a-28a534fbf8fc,setInterval Count,"let count = 0; const id = setInterval(() => { count++; if (count === 3) clearInterval(id); }, 0); setTimeout(() => console.log(count), 50);","[{""key"":""A"",""lines"":[""3""],""is_correct"":true},{""key"":""B"",""lines"":[""0""],""is_correct"":false},{""key"":""C"",""lines"":[""Infinity""],""is_correct"":false}]",js_core_v8
aa87a178-4b45-4051-b86e-9d37c5dff5d6,65dbc9a2-57d7-40d5-a266-a7f045f9e808,TDZ with typeof,"console.log(typeof x);
let x = 5;","[{""key"":""A"",""lines"":[""undefined""],""is_correct"":false},{""key"":""B"",""lines"":[""number""],""is_correct"":false},{""key"":""C"",""lines"":[""ReferenceError: Cannot access 'x' before initialization""],""is_correct"":true}]",js_core_v8
ab1c13e0-a9bb-4160-8f44-2bb364a5a39c,d312e123-05ab-4d5e-b6da-a4b82f790340,Rest in Object,"const { a, ...others } = { a: 1, b: 2, c: 3 }; console.log(a); console.log(others);","[{""key"":""A"",""lines"":[""1"",""{ b: 2, c: 3 }""],""is_correct"":true},{""key"":""B"",""lines"":[""1"",""[2, 3]""],""is_correct"":false},{""key"":""C"",""lines"":[""undefined"",""{ b: 2, c: 3 }""],""is_correct"":false}]",js_core_v8
ac75bb25-3855-4d89-9c3e-fdfe36580f80,63b970d8-27c9-4374-8f14-c3c6537040a1,filter then sort,"const arr = [5, 3, 8, 1, 4]; const result = arr.filter(x => x > 3).sort((a, b) => a - b); console.log(result);","[{""key"":""A"",""lines"":[""[4, 5, 8]""],""is_correct"":true},{""key"":""B"",""lines"":[""[5, 8, 4]""],""is_correct"":false},{""key"":""C"",""lines"":[""[8, 5, 4]""],""is_correct"":false}]",js_core_v8
ae06967b-8108-49e0-8b0f-05dd6782dd55,6807e7e4-0000-45cd-9fc0-328c60d38c98,map vs forEach,"const arr = [1, 2, 3]; const result = arr.forEach(x => x * 2); console.log(result);","[{""key"":""A"",""lines"":[""undefined""],""is_correct"":true},{""key"":""B"",""lines"":[""[2, 4, 6]""],""is_correct"":false},{""key"":""C"",""lines"":[""[1, 2, 3]""],""is_correct"":false}]",js_core_v8
b2ca58fd-db7c-4fb3-b173-7b4b2b6096ba,d312e123-05ab-4d5e-b6da-a4b82f790340,Default in Destructuring,"const [x = 5, y = 10] = [1]; console.log(x); console.log(y);","[{""key"":""A"",""lines"":[""1"",""10""],""is_correct"":true},{""key"":""B"",""lines"":[""5"",""10""],""is_correct"":false},{""key"":""C"",""lines"":[""1"",""undefined""],""is_correct"":false}]",js_core_v8
b4d4cc63-6d7f-45a7-949f-ce2c94901e9c,63b970d8-27c9-4374-8f14-c3c6537040a1,sort Mutates Original,"const arr = [3, 1, 2]; const sorted = arr.sort((a, b) => a - b); console.log(arr === sorted); console.log(arr);","[{""key"":""A"",""lines"":[""true"",""[1, 2, 3]""],""is_correct"":true},{""key"":""B"",""lines"":[""false"",""[3, 1, 2]""],""is_correct"":false},{""key"":""C"",""lines"":[""false"",""[1, 2, 3]""],""is_correct"":false}]",js_core_v8
b5025a84-ba3a-4632-bf1d-b308ca827323,d312e123-05ab-4d5e-b6da-a4b82f790340,Swap with Destructuring,"let x = 1, y = 2; [x, y] = [y, x]; console.log(x); console.log(y);","[{""key"":""A"",""lines"":[""2"",""1""],""is_correct"":true},{""key"":""B"",""lines"":[""1"",""2""],""is_correct"":false},{""key"":""C"",""lines"":[""undefined"",""undefined""],""is_correct"":false}]",js_core_v8
b62feded-782d-4c18-876e-0ccba546d713,63b970d8-27c9-4374-8f14-c3c6537040a1,toSorted Immutable,"const arr = [3, 1, 2]; const sorted = arr.toSorted((a, b) => a - b); console.log(sorted); console.log(arr);","[{""key"":""A"",""lines"":[""[1, 2, 3]"",""[3, 1, 2]""],""is_correct"":true},{""key"":""B"",""lines"":[""[1, 2, 3]"",""[1, 2, 3]""],""is_correct"":false},{""key"":""C"",""lines"":[""[3, 1, 2]"",""[3, 1, 2]""],""is_correct"":false}]",js_core_v8
b95ae7c9-2444-4e4a-bfb6-83494eb6306c,0cd747c8-84db-4c5f-bd20-4ef26f1426d9,Closure Captures Reference,function makeAdder(x) { return function(y) { return x + y; }; } const add5 = makeAdder(5); console.log(add5(3)); console.log(add5(10));,"[{""key"":""A"",""lines"":[""8"",""15""],""is_correct"":true},{""key"":""B"",""lines"":[""5"",""5""],""is_correct"":false},{""key"":""C"",""lines"":[""3"",""10""],""is_correct"":false}]",js_core_v8
b9bac3ce-c2c6-4b6e-99d2-be52d626f751,d312e123-05ab-4d5e-b6da-a4b82f790340,Nested Destructuring,const { outer: { inner } } = { outer: { inner: 42 } }; console.log(inner);,"[{""key"":""A"",""lines"":[""42""],""is_correct"":true},{""key"":""B"",""lines"":[""{ inner: 42 }""],""is_correct"":false},{""key"":""C"",""lines"":[""undefined""],""is_correct"":false}]",js_core_v8
ba69a6b2-2ee5-4e4d-a139-8bb469db60a0,621a99fa-161b-48ff-8248-56d053cfa5cf,Arrow Preserves this,"const obj = { val: 10, fn() { setTimeout(() => { console.log(this.val); }, 0); } }; obj.fn();","[{""key"":""A"",""lines"":[""10""],""is_correct"":true},{""key"":""B"",""lines"":[""undefined""],""is_correct"":false},{""key"":""C"",""lines"":[""null""],""is_correct"":false}]",js_core_v8
bcb94007-a1f8-4c9c-9bb5-d61720069f7e,621a99fa-161b-48ff-8248-56d053cfa5cf,this Lost in Callback,"const obj = { val: 10, fn() { setTimeout(function() { console.log(this.val); }, 0); } }; obj.fn();","[{""key"":""A"",""lines"":[""undefined""],""is_correct"":true},{""key"":""B"",""lines"":[""10""],""is_correct"":false},{""key"":""C"",""lines"":[""null""],""is_correct"":false}]",js_core_v8
be60939f-d8bd-4ef8-917f-48148e526a67,dba47640-7f84-4270-820f-047fe54e4515,Temporal Dead Zone,console.log(a); let a = 5;,"[{""key"":""A"",""lines"":[""ReferenceError: Cannot access 'a' before initialization""],""is_correct"":true},{""key"":""B"",""lines"":[""undefined""],""is_correct"":false},{""key"":""C"",""lines"":[""5""],""is_correct"":false}]",js_core_v8
be704589-677c-4798-89d8-37f0a0584721,6c54cf32-2028-46ad-9a3d-36e6c763fbc9,Intersection Type,"type A = { x: number }; type B = { y: number }; const obj: A & B = { x: 1, y: 2 }; console.log(obj.x + obj.y);","[{""key"":""A"",""lines"":[""3""],""is_correct"":true},{""key"":""B"",""lines"":[""undefined""],""is_correct"":false},{""key"":""C"",""lines"":[""NaN""],""is_correct"":false}]",js_core_v8
bf7572b1-7209-4ce7-8bc1-70722a715051,e828bcad-8531-45fe-8f26-f597176e6b4e,EventEmitter Basic,"const emitter = new EventTarget(); emitter.addEventListener(""greet"", () => console.log(""hello"")); emitter.dispatchEvent(new Event(""greet"")); console.log(""done"");","[{""key"":""A"",""lines"":[""hello"",""done""],""is_correct"":true},{""key"":""B"",""lines"":[""done"",""hello""],""is_correct"":false},{""key"":""C"",""lines"":[""hello""],""is_correct"":false}]",js_core_v8
bf972422-cc4b-461e-ad3e-7c4da64135ea,27016f62-4516-40fb-88f0-2bba5bbbe453,Arrow vs Regular Return,const double = x => x * 2; const triple = (x) => { x * 3; }; console.log(double(4)); console.log(triple(4));,"[{""key"":""A"",""lines"":[""8"",""undefined""],""is_correct"":true},{""key"":""B"",""lines"":[""8"",""12""],""is_correct"":false},{""key"":""C"",""lines"":[""undefined"",""undefined""],""is_correct"":false}]",js_core_v8
bfbf2c5b-e42f-4e57-bd84-48d8418da80a,e828bcad-8531-45fe-8f26-f597176e6b4e,Emit with No Listeners,"class Emitter { constructor() { this.events = {}; } on(e,fn) { (this.events[e]=this.events[e]||[]).push(fn); } emit(e) { (this.events[e]||[]).forEach(fn=>fn()); } } const em = new Emitter(); em.emit(""nothing""); console.log(""ok"");","[{""key"":""A"",""lines"":[""ok""],""is_correct"":true},{""key"":""B"",""lines"":[""TypeError""],""is_correct"":false},{""key"":""C"",""lines"":[""undefined"",""ok""],""is_correct"":false}]",js_core_v8
c3074593-26dc-4aef-b929-777e6a62303c,6807e7e4-0000-45cd-9fc0-328c60d38c98,find vs findIndex,"const arr = [5, 12, 8, 130]; console.log(arr.find(x => x > 10)); console.log(arr.findIndex(x => x > 10));","[{""key"":""A"",""lines"":[""12"",""1""],""is_correct"":true},{""key"":""B"",""lines"":[""12"",""12""],""is_correct"":false},{""key"":""C"",""lines"":[""130"",""1""],""is_correct"":false}]",js_core_v8
c50d5815-87e5-4f59-854d-fe7bba15176d,978cabe5-d262-4b5a-871a-eeddcddddab1,Record Utility,"const scores: Record<string, number> = { alice: 90, bob: 85 }; console.log(scores[""alice""]); console.log(scores[""carol""]);","[{""key"":""A"",""lines"":[""90"",""undefined""],""is_correct"":true},{""key"":""B"",""lines"":[""90"",""null""],""is_correct"":false},{""key"":""C"",""lines"":[""undefined"",""undefined""],""is_correct"":false}]",js_core_v8
c7eecc13-1d46-4f3f-80fa-e569648e54eb,6c54cf32-2028-46ad-9a3d-36e6c763fbc9,keyof Operator,"type Person = { name: string; age: number }; function get<T, K extends keyof T>(obj: T, key: K) { return obj[key]; } const p = { name: ""Bob"", age: 30 }; console.log(get(p, ""name"")); console.log(get(p, ""age""));","[{""key"":""A"",""lines"":[""Bob"",""30""],""is_correct"":true},{""key"":""B"",""lines"":[""undefined"",""undefined""],""is_correct"":false},{""key"":""C"",""lines"":[""name"",""age""],""is_correct"":false}]",js_core_v8
caf2609b-a5c6-440d-9524-c574a6fc031f,65dbc9a2-57d7-40d5-a266-a7f045f9e808,const Reassignment,"const b = 1;
b = 2;
console.log(b);","[{""key"":""A"",""lines"":[""2""],""is_correct"":false},{""key"":""B"",""lines"":[""1""],""is_correct"":false},{""key"":""C"",""lines"":[""TypeError: Assignment to constant variable""],""is_correct"":true}]",js_core_v8
ccd24995-c5c2-412d-a3c1-bef85089c3c0,79b93a68-d914-43de-9d9b-ed749a2b9af8,delete Property,"const obj = { x: 1, y: 2 }; delete obj.x; console.log(obj.x); console.log(""x"" in obj);","[{""key"":""A"",""lines"":[""undefined"",""false""],""is_correct"":true},{""key"":""B"",""lines"":[""null"",""false""],""is_correct"":false},{""key"":""C"",""lines"":[""undefined"",""true""],""is_correct"":false}]",js_core_v8
ccf5f956-1569-4617-9013-1b4afe215d4b,7bfacaa9-0ada-484b-9f37-ef63d4c0145f,Logical Assignment,let x = 0; x ||= 5; console.log(x); let y = 1; y &&= 10; console.log(y);,"[{""key"":""A"",""lines"":[""5"",""10""],""is_correct"":true},{""key"":""B"",""lines"":[""0"",""10""],""is_correct"":false},{""key"":""C"",""lines"":[""5"",""1""],""is_correct"":false}]",js_core_v8
cdb07c5b-05cf-4f23-a7b2-5212f3ab82e9,65dbc9a2-57d7-40d5-a266-a7f045f9e808,Function Hoisting vs var,"console.log(foo());
console.log(bar);

function foo() { return 'foo'; }
var bar = 'bar';","[{""key"":""A"",""lines"":[""foo"",""undefined""],""is_correct"":true},{""key"":""B"",""lines"":[""foo"",""bar""],""is_correct"":false},{""key"":""C"",""lines"":[""ReferenceError"",""undefined""],""is_correct"":false}]",js_core_v8
cdd21d2d-f487-4e35-b125-8cdb48c1b6f3,6807e7e4-0000-45cd-9fc0-328c60d38c98,flat Array,"const arr = [1, [2, [3, [4]]]]; console.log(arr.flat()); console.log(arr.flat(Infinity));","[{""key"":""A"",""lines"":[""[1, 2, [3, [4]]]"",""[1, 2, 3, 4]""],""is_correct"":true},{""key"":""B"",""lines"":[""[1, 2, 3, 4]"",""[1, 2, 3, 4]""],""is_correct"":false},{""key"":""C"",""lines"":[""[1, [2, [3, [4]]]]"",""[1, 2, 3, 4]""],""is_correct"":false}]",js_core_v8
cde33814-c3e8-4420-bac1-8f2f47d130ed,79b93a68-d914-43de-9d9b-ed749a2b9af8,Object Spread,"const a = { x: 1, y: 2 }; const b = { ...a, y: 10, z: 3 }; console.log(b.x); console.log(b.y); console.log(b.z);","[{""key"":""A"",""lines"":[""1"",""10"",""3""],""is_correct"":true},{""key"":""B"",""lines"":[""1"",""2"",""3""],""is_correct"":false},{""key"":""C"",""lines"":[""undefined"",""10"",""3""],""is_correct"":false}]",js_core_v8
d187629d-d25b-4993-be8d-a03d7fe74a06,6807e7e4-0000-45cd-9fc0-328c60d38c98,includes vs indexOf,"const arr = [1, 2, NaN]; console.log(arr.includes(NaN)); console.log(arr.indexOf(NaN));","[{""key"":""A"",""lines"":[""true"",""-1""],""is_correct"":true},{""key"":""B"",""lines"":[""false"",""-1""],""is_correct"":false},{""key"":""C"",""lines"":[""true"",""2""],""is_correct"":false}]",js_core_v8
d20efe88-e286-444b-a526-2dfc2d41ce17,4f748f49-ead6-4339-996c-830b2cd8b227,JSON in localStorage,"const obj = { a: 1 }; localStorage.setItem(""data"", JSON.stringify(obj)); const result = JSON.parse(localStorage.getItem(""data"")); console.log(result.a); console.log(typeof result);","[{""key"":""A"",""lines"":[""1"",""object""],""is_correct"":true},{""key"":""B"",""lines"":[""1"",""string""],""is_correct"":false},{""key"":""C"",""lines"":[""undefined"",""object""],""is_correct"":false}]",js_core_v8
d381cc37-05ea-41ea-af0a-d869e3477073,e828bcad-8531-45fe-8f26-f597176e6b4e,CustomEvent Detail,"const el = new EventTarget(); el.addEventListener(""msg"", (e) => console.log(e.detail)); el.dispatchEvent(new CustomEvent(""msg"", { detail: ""hello"" }));","[{""key"":""A"",""lines"":[""hello""],""is_correct"":true},{""key"":""B"",""lines"":[""undefined""],""is_correct"":false},{""key"":""C"",""lines"":[""[object CustomEvent]""],""is_correct"":false}]",js_core_v8
d5285b43-053a-4b14-b0c2-071d916e8cd1,79b93a68-d914-43de-9d9b-ed749a2b9af8,Computed Property Keys,"const key = ""score""; const obj = { [key]: 100 }; console.log(obj.score); console.log(obj.key);","[{""key"":""A"",""lines"":[""100"",""undefined""],""is_correct"":true},{""key"":""B"",""lines"":[""100"",""100""],""is_correct"":false},{""key"":""C"",""lines"":[""undefined"",""100""],""is_correct"":false}]",js_core_v8
d5a6a6f8-1d48-4b6b-be90-984566c1a437,621a99fa-161b-48ff-8248-56d053cfa5cf,this in Method,"const obj = { name: ""Alice"", greet() { console.log(this.name); } }; obj.greet();","[{""key"":""A"",""lines"":[""Alice""],""is_correct"":true},{""key"":""B"",""lines"":[""undefined""],""is_correct"":false},{""key"":""C"",""lines"":[""obj""],""is_correct"":false}]",js_core_v8
d81eb9cd-bd7f-431c-b43c-4c3870c437ae,4f748f49-ead6-4339-996c-830b2cd8b227,localStorage setItem,"localStorage.setItem(""key"", ""value""); console.log(localStorage.getItem(""key"")); console.log(typeof localStorage.getItem(""key""));","[{""key"":""A"",""lines"":[""value"",""string""],""is_correct"":true},{""key"":""B"",""lines"":[""value"",""object""],""is_correct"":false},{""key"":""C"",""lines"":[""undefined"",""undefined""],""is_correct"":false}]",js_core_v8
d8923d9c-3753-41da-afe6-a1ed90f12544,120a5dcb-a297-4209-904a-28a534fbf8fc,Multiple Promises Race,"console.log(""sync""); setTimeout(() => console.log(""macro""), 0); Promise.resolve().then(() => { setTimeout(() => console.log(""inner macro""), 0); console.log(""micro""); });","[{""key"":""A"",""lines"":[""sync"",""micro"",""macro"",""inner macro""],""is_correct"":true},{""key"":""B"",""lines"":[""sync"",""macro"",""micro"",""inner macro""],""is_correct"":false},{""key"":""C"",""lines"":[""sync"",""micro"",""inner macro"",""macro""],""is_correct"":false}]",js_core_v8
d8d12f6e-2341-4222-abd7-4ab2b91a226d,dba47640-7f84-4270-820f-047fe54e4515,var in Block Scope,{ var x = 10; } console.log(x);,"[{""key"":""A"",""lines"":[""10""],""is_correct"":true},{""key"":""B"",""lines"":[""undefined""],""is_correct"":false},{""key"":""C"",""lines"":[""ReferenceError""],""is_correct"":false}]",js_core_v8
db17a532-289d-44cb-9511-9a89cc5b9cb6,4f748f49-ead6-4339-996c-830b2cd8b227,localStorage Missing Key,"localStorage.clear(); const val = localStorage.getItem(""missing""); console.log(val); console.log(val === null);","[{""key"":""A"",""lines"":[""null"",""true""],""is_correct"":true},{""key"":""B"",""lines"":[""undefined"",""false""],""is_correct"":false},{""key"":""C"",""lines"":[""null"",""false""],""is_correct"":false}]",js_core_v8
de736b4d-902e-4ab6-9fee-b4100030ed94,7bfacaa9-0ada-484b-9f37-ef63d4c0145f,Typeof Expressions,console.log(typeof null); console.log(typeof undefined); console.log(typeof NaN);,"[{""key"":""A"",""lines"":[""object"",""undefined"",""number""],""is_correct"":true},{""key"":""B"",""lines"":[""null"",""undefined"",""NaN""],""is_correct"":false},{""key"":""C"",""lines"":[""object"",""null"",""number""],""is_correct"":false}]",js_core_v8
deb91967-5994-43f5-ba2b-50b89def1526,63b970d8-27c9-4374-8f14-c3c6537040a1,sort Descending,"const arr = [3, 1, 4, 1, 5]; arr.sort((a, b) => b - a); console.log(arr);","[{""key"":""A"",""lines"":[""[5, 4, 3, 1, 1]""],""is_correct"":true},{""key"":""B"",""lines"":[""[1, 1, 3, 4, 5]""],""is_correct"":false},{""key"":""C"",""lines"":[""[3, 1, 4, 1, 5]""],""is_correct"":false}]",js_core_v8
df33192a-a4ff-4bb2-a65a-14dc4034b87d,120a5dcb-a297-4209-904a-28a534fbf8fc,Nested setTimeout,"console.log(""a""); setTimeout(() => { console.log(""b""); setTimeout(() => console.log(""c""), 0); }, 0); console.log(""d"");","[{""key"":""A"",""lines"":[""a"",""d"",""b"",""c""],""is_correct"":true},{""key"":""B"",""lines"":[""a"",""b"",""c"",""d""],""is_correct"":false},{""key"":""C"",""lines"":[""a"",""d"",""c"",""b""],""is_correct"":false}]",js_core_v8
e3039fb8-d141-4485-8bf0-e4049fdf4e16,63b970d8-27c9-4374-8f14-c3c6537040a1,sort Mixed Types,"const arr = [10, 1, 21, 2]; arr.sort(); console.log(arr);","[{""key"":""A"",""lines"":[""[1, 10, 2, 21]""],""is_correct"":true},{""key"":""B"",""lines"":[""[1, 2, 10, 21]""],""is_correct"":false},{""key"":""C"",""lines"":[""[10, 1, 21, 2]""],""is_correct"":false}]",js_core_v8
e3afbf54-9253-4e06-a3b1-3e6dbe43df57,0cd747c8-84db-4c5f-bd20-4ef26f1426d9,Closure with setTimeout,"for (var i = 0; i < 3; i++) { setTimeout(function() { console.log(i); }, 0); }","[{""key"":""A"",""lines"":[""3"",""3"",""3""],""is_correct"":true},{""key"":""B"",""lines"":[""0"",""1"",""2""],""is_correct"":false},{""key"":""C"",""lines"":[""undefined"",""undefined"",""undefined""],""is_correct"":false}]",js_core_v8
e5ffcd1a-92dc-4bf6-9bb4-d201d345eca3,4f748f49-ead6-4339-996c-830b2cd8b227,Date.now() type,const ts = Date.now(); console.log(typeof ts); console.log(ts > 0);,"[{""key"":""A"",""lines"":[""number"",""true""],""is_correct"":true},{""key"":""B"",""lines"":[""string"",""true""],""is_correct"":false},{""key"":""C"",""lines"":[""number"",""false""],""is_correct"":false}]",js_core_v8
e7c6e70d-8e77-4bc2-8362-7a806333f09a,27016f62-4516-40fb-88f0-2bba5bbbe453,Returning Function,function multiplier(x) { return function(y) { return x * y; }; } const triple = multiplier(3); console.log(triple(7));,"[{""key"":""A"",""lines"":[""21""],""is_correct"":true},{""key"":""B"",""lines"":[""10""],""is_correct"":false},{""key"":""C"",""lines"":[""undefined""],""is_correct"":false}]",js_core_v8
ea1ea93d-daa1-4897-8c5b-2fff4bbf5dfc,d312e123-05ab-4d5e-b6da-a4b82f790340,Skip Elements,"const [, second, , fourth] = [10, 20, 30, 40]; console.log(second); console.log(fourth);","[{""key"":""A"",""lines"":[""20"",""40""],""is_correct"":true},{""key"":""B"",""lines"":[""10"",""30""],""is_correct"":false},{""key"":""C"",""lines"":[""20"",""undefined""],""is_correct"":false}]",js_core_v8
ee929f07-0cf8-4ee9-b1b0-e9135006b9e2,7bfacaa9-0ada-484b-9f37-ef63d4c0145f,Ternary and Falsy,"console.log(0 ? ""yes"" : ""no""); console.log("""" ? 1 : 2); console.log("" "" ? ""a"" : ""b"");","[{""key"":""A"",""lines"":[""no"",""2"",""a""],""is_correct"":true},{""key"":""B"",""lines"":[""no"",""2"",""b""],""is_correct"":false},{""key"":""C"",""lines"":[""yes"",""1"",""a""],""is_correct"":false}]",js_core_v8
ef3744d2-51b0-4d38-a134-2b9e429a4745,800a76ec-4de2-4864-b446-8bea5d790ef3,Arguments vs Rest,"function a() { console.log(arguments.length); } const b = (...args) => { console.log(args.length); }; a(1,2,3); b(1,2,3);","[{""key"":""A"",""lines"":[""3"",""3""],""is_correct"":true},{""key"":""B"",""lines"":[""3"",""undefined""],""is_correct"":false},{""key"":""C"",""lines"":[""undefined"",""3""],""is_correct"":false}]",js_core_v8
f0441034-aab5-4a72-89f7-56b3bc1554d1,800a76ec-4de2-4864-b446-8bea5d790ef3,Arguments in Arrow,"const fn = () => { console.log(arguments); }; fn(1, 2, 3);","[{""key"":""A"",""lines"":[""ReferenceError: arguments is not defined""],""is_correct"":true},{""key"":""B"",""lines"":[""[1, 2, 3]""],""is_correct"":false},{""key"":""C"",""lines"":[""Arguments [1, 2, 3]""],""is_correct"":false}]",js_core_v8
f1d6bc2e-d499-4451-a0e5-9cf4c64bfab1,978cabe5-d262-4b5a-871a-eeddcddddab1,Generic Array,"function first<T>(arr: T[]): T { return arr[0]; } console.log(first([1, 2, 3])); console.log(first([""a"", ""b""]));","[{""key"":""A"",""lines"":[""1"",""a""],""is_correct"":true},{""key"":""B"",""lines"":[""[1,2,3]"",""['a','b']""],""is_correct"":false},{""key"":""C"",""lines"":[""undefined"",""undefined""],""is_correct"":false}]",js_core_v8
f22b95b0-2bfd-4bb5-99d5-107bd3189688,57f173c5-9d58-4baf-af61-f6c33e226985,NaN Behavior,"console.log(NaN === NaN); console.log(isNaN(""hello"")); console.log(Number.isNaN(""hello""));","[{""key"":""A"",""lines"":[""false"",""true"",""false""],""is_correct"":true},{""key"":""B"",""lines"":[""false"",""false"",""false""],""is_correct"":false},{""key"":""C"",""lines"":[""true"",""true"",""true""],""is_correct"":false}]",js_core_v8
f26f32b0-8af0-4ad7-bdcd-8c5d2be45925,57f173c5-9d58-4baf-af61-f6c33e226985,Boolean Coercion,"console.log(Boolean(0)); console.log(Boolean("""")); console.log(Boolean([]));","[{""key"":""A"",""lines"":[""false"",""false"",""true""],""is_correct"":true},{""key"":""B"",""lines"":[""false"",""false"",""false""],""is_correct"":false},{""key"":""C"",""lines"":[""true"",""false"",""true""],""is_correct"":false}]",js_core_v8
f660c448-bbd2-439e-b635-7ae37ebe31bc,978cabe5-d262-4b5a-871a-eeddcddddab1,Generic Pair,"function pair<A, B>(a: A, b: B): [A, B] { return [a, b]; } const result = pair(""x"", 10); console.log(result[0]); console.log(result[1]);","[{""key"":""A"",""lines"":[""x"",""10""],""is_correct"":true},{""key"":""B"",""lines"":[""undefined"",""undefined""],""is_correct"":false},{""key"":""C"",""lines"":[""10"",""x""],""is_correct"":false}]",js_core_v8
f955a9b7-ecfe-482d-be54-188aa42cbd30,800a76ec-4de2-4864-b446-8bea5d790ef3,Reassigning Object Param,"function replace(obj) { obj = { name: ""Bob"" }; } const user = { name: ""Alice"" }; replace(user); console.log(user.name);","[{""key"":""A"",""lines"":[""Alice""],""is_correct"":true},{""key"":""B"",""lines"":[""Bob""],""is_correct"":false},{""key"":""C"",""lines"":[""undefined""],""is_correct"":false}]",js_core_v8
faa2a8c4-7f91-432a-86a8-b12041bad1e7,978cabe5-d262-4b5a-871a-eeddcddddab1,Identity Function,"function identity<T>(val: T): T { return val; } console.log(identity(42)); console.log(identity(""hi""));","[{""key"":""A"",""lines"":[""42"",""hi""],""is_correct"":true},{""key"":""B"",""lines"":[""undefined"",""undefined""],""is_correct"":false},{""key"":""C"",""lines"":[""T"",""T""],""is_correct"":false}]",js_core_v8
fb23ab6a-345e-472c-b70c-3226b39d0f72,79b93a68-d914-43de-9d9b-ed749a2b9af8,Property Shorthand,"const name = ""Alice""; const age = 25; const user = { name, age }; console.log(user.name); console.log(user.age);","[{""key"":""A"",""lines"":[""Alice"",""25""],""is_correct"":true},{""key"":""B"",""lines"":[""undefined"",""undefined""],""is_correct"":false},{""key"":""C"",""lines"":[""name"",""age""],""is_correct"":false}]",js_core_v8
fca85e34-61c7-436b-9695-7511aaa0aa84,0cd747c8-84db-4c5f-bd20-4ef26f1426d9,Closure Mutation,"function init() { let secret = 42; return { reveal: () => secret, change: (v) => { secret = v; } }; } const m = init(); m.change(100); console.log(m.reveal());","[{""key"":""A"",""lines"":[""100""],""is_correct"":true},{""key"":""B"",""lines"":[""42""],""is_correct"":false},{""key"":""C"",""lines"":[""undefined""],""is_correct"":false}]",js_core_v8
fd73a9eb-54fa-4c1e-af34-5279c45f7c77,79b93a68-d914-43de-9d9b-ed749a2b9af8,Property in Operator,"const obj = { a: undefined }; console.log(""a"" in obj); console.log(""b"" in obj);","[{""key"":""A"",""lines"":[""true"",""false""],""is_correct"":true},{""key"":""B"",""lines"":[""false"",""false""],""is_correct"":false},{""key"":""C"",""lines"":[""true"",""true""],""is_correct"":false}]",js_core_v8
ffc77397-38c6-41e0-ad8b-f798a1f35c7b,65dbc9a2-57d7-40d5-a266-a7f045f9e808,const Object Mutation,"const obj = { x: 1 };
obj.x = 99;
console.log(obj.x);","[{""key"":""A"",""lines"":[""1""],""is_correct"":false},{""key"":""B"",""lines"":[""TypeError""],""is_correct"":false},{""key"":""C"",""lines"":[""99""],""is_correct"":true}]",js_core_v8